Block_ID,Block_Name,Availability,Availability_Pct,MTBF_Hours,MTTR_Hours,Annual_Downtime_Hours,Failures_Per_Year,Unavailability
THERMAL_GEN,Thermal Generation Block,0.99850,99.850,6667,10,13.14,1.314,0.00150
STORAGE,Energy Storage Block,0.99982,99.982,43800,8,1.58,0.200,0.00018
ELECTRICAL,Electrical Distribution Block,0.99870,99.870,67308,88,11.39,0.130,0.00130
PROTECTION,Protection System Block,0.99995,99.995,175200,8,0.44,0.050,0.00005
CONTROLS,Control System Block,0.99950,99.950,17520,8,4.38,0.500,0.00050
SYSTEM,Complete Power System,0.99667,99.667,2632,88,29.17,3.330,0.00333
